date,søkeord,konverteringer,antallvisninger,clicks,plassering
Dato 2023-11 til 2025-02,luxushair,3017,15187,19.87%,1.03
,keratin behandling,1959,55082,3.56%,4.84
,hair extensions,1656,34919,4.74%,2.57
,keratin behandling hjemme,1503,15836,9.49%,2.8
,extensions hår,729,13766,5.3%,5.04
,extensions,640,25111,2.55%,3.32
,keratinbehandling hemma,634,14378,4.41%,5.57
,keratinbehandling,633,27282,2.32%,7.85
,hår extensions,603,10984,5.49%,8.88
,luxus hair,426,3226,13.21%,4.12
,tape extensions,354,10295,3.44%,10.94
,keratin,308,46864,0.66%,5.12
,luxushair keratin,304,1846,16.47%,1.04
,clip in extensions,269,3752,7.17%,4.49
,keratinbehandling hår,266,11634,2.29%,6.95
,keratin behandling hjemme best i test,254,4066,6.25%,5.05
,clip on extensions,247,4941,5%,11.37
,tubidy,239,879,27.19%,25.43
,hair extension,236,5730,4.12%,2.75
,keratinbehandling hjemme,229,1531,14.96%,2.12
,hairextension,207,4257,4.86%,5.45
,ponytail extension,188,2241,8.39%,2.26
,keratin behandling hår,141,4808,2.93%,5.52
,extension hår,132,2071,6.37%,5.85
,tubidy mp3,125,476,26.26%,23.64
,mp3 download,124,1071,11.58%,3.6
,keratin behandling hemma,118,2359,5%,5.96
,tubidy mp3 download,118,450,26.22%,23.75
,keratin hår,117,9045,1.29%,7.83
,tape extension,116,2989,3.88%,7.88
,hestehale extensions,111,2676,4.15%,10.73
,mp3 music downloader chrome,111,1504,7.38%,9.1
,ponytail,100,5639,1.77%,9.22
,luxushair keratin behandling,98,579,16.93%,1.03
,extentions,96,2398,4%,3.22
,keratin extensions,85,6578,1.29%,16.67
,luksushair,85,529,16.07%,1.05
,løshår hestehale,76,3133,2.43%,7.16
,luksus hair,73,861,8.48%,1.02
,hair extensions best i test,72,2328,3.09%,8.19
,tubidycom.co.za,72,125,57.6%,1.18
,keratin behandling hjemme erfaring,67,892,7.51%,4.64
,mp3juice lama,66,778,8.48%,4.77
,hair extensions clip on,65,1205,5.39%,7.41
,tape in extensions,64,2909,2.2%,8.24
,clip in hair extensions,64,1964,3.26%,4.4
,tape hair extensions,63,1272,4.95%,10.65
,hairtalk,61,4952,1.23%,11.56
,mp3 juice downloader,61,912,6.69%,5.32
,hair extentions,61,831,7.34%,2.22
,rapunzel of sweden reviews,59,1315,4.49%,7.49
,lux hair,58,667,8.7%,3.7
,keratin hår behandling,57,1563,3.65%,5.71
,kreatin behandling,56,1448,3.87%,3.96
,walker tape,54,738,7.32%,14.09
,rapunzel of sweden,51,18541,0.28%,11.5
,luxushair keratin erfaring,51,831,6.14%,2.97
,clip on hair extensions,47,779,6.03%,7.59
,hairextensions,46,2378,1.93%,7.28
,keratin behandling pris,45,4816,0.93%,9.13
,bästa keratinbehandling hemma,45,1329,3.39%,8.88
,keratin hjemmebehandling,45,514,8.75%,3.63
,mp3juice apk 2024,44,1027,4.28%,7.0
,123juice,44,163,26.99%,2.28
,hair extensions pris,43,3563,1.21%,8.71
,mp3juice,42,1391,3.02%,9.07
,clip-on extensions ekte hår,40,674,5.93%,3.02
,keratinbehandling gravid,40,420,9.52%,2.95
,ekte hår extensions,39,1342,2.91%,4.26
,hår ekstensjon,39,772,5.05%,2.06
,luxushair retur,39,440,8.86%,1.0
,rapunzel of sweden erfaringer,39,380,10.26%,4.26
,hva er keratin behandling,37,2515,1.47%,4.94
,bellami hair,37,2005,1.85%,7.87
,løshår med strikk,37,1559,2.37%,5.75
,walker tape ultra hold,37,761,4.86%,32.06
,luxury hair,37,558,6.63%,20.09
,hår extensions pris,35,1834,1.91%,7.77
,kreatin hår,34,2168,1.57%,7.69
,keratin hårkur,34,1827,1.86%,19.11
,hår extension,34,798,4.26%,13.55
,juicemp3,34,511,6.65%,8.23
,clip in ponytail,33,1258,2.62%,1.91
,download lagu 123 mp4,33,351,9.4%,8.01
,shampoo etter keratin behandling,32,535,5.98%,3.93
,rapunzel hair,31,3967,0.78%,6.29
,extension hair,31,805,3.85%,4.78
,hchair,30,3687,0.81%,4.12
,hår keratin,30,1429,2.1%,8.99
,beste tape extensions,30,1146,2.62%,5.17
,keratinbehandling hemma bäst i test,30,1050,2.86%,7.44
,ekstensjon hår,29,959,3.02%,3.1
,hair extensions norge,29,912,3.18%,4.29
,clip on ponytail,29,594,4.88%,12.99
,mp4juice,29,366,7.92%,6.86
,hair extensions tape,28,983,2.85%,7.73
,luxushair åmot,28,637,4.4%,2.98
,keratin behandling best i test,27,793,3.4%,6.64
,hestehale extension,27,655,4.12%,5.13
,hestehale extensions ekte hår,27,502,5.38%,3.59
,luxushair tape,27,461,5.86%,1.0
,tubidy music,27,94,28.72%,27.9
,luxus hair extensions,26,571,4.55%,8.73
,tubidy mp3 and mp4 download,26,92,28.26%,26.73
,løshår,25,2424,1.03%,25.08
,keratin hair extensions,25,2117,1.18%,9.71
,luxushair extensions,25,502,4.98%,1.05
,extension hestehale,24,316,7.59%,9.34
,farge extensions,24,149,16.11%,3.15
,keratin shampoo,23,3340,0.69%,13.12
,keratin hårbehandling,23,494,4.66%,5.94
,clip on hestehale,23,480,4.79%,5.79
,keratin hjemme,23,329,6.99%,3.46
,tubidy music download,23,85,27.06%,23.45
,hc hair,22,4074,0.54%,4.46
,keratin behandling frisør,22,1256,1.75%,9.37
,hår keratin behandling,22,673,3.27%,5.85
,mp3 juice 2024,22,539,4.08%,8.22
,extensions hestehale,21,1085,1.94%,16.5
,ponytail extensions,21,566,3.71%,29.94
,luxushair as,21,515,4.08%,1.89
,hårextensions,21,493,4.26%,28.66
,hair extention,21,486,4.32%,1.8
,musicpleer mp3 download,21,189,11.11%,11.79
,m4 juice,21,70,30%,2.47
,tape in hair extensions,20,1783,1.12%,8.25
,tape extensions pris,20,1552,1.29%,6.56
,hairtalk extensions,20,856,2.34%,5.08
,clips extensions,20,436,4.59%,15.07
,ytmp3 music downloader,20,300,6.67%,29.76
,rapunzel of sweden norge,19,1334,1.42%,5.19
,hårforlengelse,19,1146,1.66%,10.04
,vad är keratinbehandling,19,1052,1.81%,3.8
,za music.com download mp3 juice,19,443,4.29%,8.18
,keratin kur,19,430,4.42%,5.76
,download lagu 123,19,279,6.81%,12.79
,keratin behandling gravid,18,384,4.69%,3.31
,tubidy mp3 download app,18,55,32.73%,21.24
,extensions hår pris,17,1270,1.34%,8.29
,hair extension clip on,17,219,7.76%,5.65
,tubidy mp3 download songs 2024,17,41,41.46%,24.83
,keratinbehandling pris,16,1067,1.5%,8.79
,hva gjør keratin med håret,16,867,1.85%,3.9
,extensions clips,16,633,2.53%,10.26
,keratin luxushair,16,521,3.07%,1.0
,luxushair keratin treatment,16,462,3.46%,1.06
,mp3 juice hijau,16,419,3.82%,6.0
,hvor lenge varer tape extensions,16,387,4.13%,3.36
,keratin hemma,16,385,4.16%,8.66
,clip extensions,16,342,4.68%,7.78
,shampoo for keratin behandlet hår,16,280,5.71%,5.26
,extensions hår clips,16,180,8.89%,2.45
,tape til extensions,15,1979,0.76%,15.44
,weft extensions,15,714,2.1%,10.61
,hvor lenge varer keratin behandling,15,708,2.12%,6.91
,keratin hår hemma,15,504,2.98%,8.39
,luxushair fargekart,15,438,3.42%,1.01
,keratin gravid,15,436,3.44%,5.99
,keratin til håret,15,306,4.9%,5.09
,extensions ponytail,15,142,10.56%,4.18
,hair extensions hestehale,14,377,3.71%,7.26
,hår extensions clips,14,370,3.78%,31.76
,mp3 juice downloader --,14,133,10.53%,4.78
,keratin balsam,13,994,1.31%,7.62
,tape til tape extensions,13,644,2.02%,8.5
,kreatinbehandling,13,527,2.47%,6.29
,kreatinin behandling hår,13,455,2.86%,4.41
,billig hair extension,13,447,2.91%,5.89
,tape on extensions,13,414,3.14%,7.47
,clip on extensions oslo,13,403,3.23%,6.9
,kreatin til hår,13,298,4.36%,7.8
,keratin for håret,13,241,5.39%,3.61
,hår extentions,13,202,6.44%,2.01
,hair extensions clip in,13,182,7.14%,9.27
,m3juice,13,166,7.83%,4.67
,tubidy mp3 download songs,13,54,24.07%,29.87
,keratin treatment,12,2433,0.49%,17.39
,luxy hair,12,1199,1%,14.04
,tape extensions tynt hår,12,1024,1.17%,6.93
,tape extentions,12,716,1.68%,5.28
,keratin behandling erfaring,12,711,1.69%,9.35
,extensions hair,12,400,3%,9.7
,løs hestehale,12,377,3.18%,3.69
,tape hår extensions,12,182,6.59%,9.42
,shampoo og balsam for extensions,12,172,6.98%,5.4
,lux hair extensions,12,141,8.51%,39.3
,download muzica mp3,12,125,9.6%,14.31
,luxhair,12,108,11.11%,5.72
,myjuices,12,106,11.32%,3.47
,keratinbehandling eftervård,12,92,13.04%,4.58
,tubidy download,12,49,24.49%,25.14
,www.tubidy.com mp3,12,45,26.67%,22.96
,tubidy.com,12,29,41.38%,18.03
,extensions tape,11,1495,0.74%,15.36
,permanent rett hår,11,1140,0.96%,9.03
,løs hår,11,628,1.75%,6.99
,kreatin behandling hår,11,324,3.4%,4.26
,billig extensions,11,295,3.73%,4.46
,hair extension ponytail,11,181,6.08%,3.05
,luxsushair,11,75,14.67%,1.05
,jusmp3,11,58,18.97%,6.45
,keratinbehandling hemma lyko,11,50,22%,6.96
,clip on,10,1323,0.76%,7.47
,løshår clips,10,1016,0.98%,6.33
,brasiliansk keratin behandling,10,456,2.19%,13.11
,brazilian keratinbehandling hemma,10,231,4.33%,12.36
,extantions,10,195,5.13%,2.63
,hair extensions ponytail,10,169,5.92%,2.72
,tape remover,10,140,7.14%,8.61
,clip in extentions,10,118,8.47%,3.54
,metrolagu 123 mp3 download,10,69,14.49%,6.55
,3pm juice,10,58,17.24%,4.83
,free mp3 downloads,10,42,23.81%,2.5
,tubidy mp3 download new songs,10,40,25%,21.93
,metrolagu app download,10,17,58.82%,9.65
,mp3 juices,9,1526,0.59%,7.47
,løshår butikk,9,749,1.2%,9.44
,schampo efter keratinbehandling,9,486,1.85%,8.71
,mp3juices,9,467,1.93%,10.6
,clip on hår,9,339,2.65%,10.49
,hår extensions hestehale,9,317,2.84%,8.13
,myfreemp3,9,303,2.97%,77.92
,free juice,9,180,5%,6.64
,hår behandling med keratin,9,156,5.77%,4.53
,hair weft,9,127,7.09%,7.77
,tape extention,9,123,7.32%,3.37
,hchair rabattkode,9,99,9.09%,8.47
,pm juice 3,9,22,40.91%,1.86
,keratin shampoo og balsam,8,980,0.82%,8.6
,keratin behandling oslo,8,764,1.05%,35.96
,keratin för håret,8,584,1.37%,11.04
,extension tape,8,444,1.8%,11.29
,hvor lenge varer hair extensions,8,388,2.06%,5.81
,hvor lang tid tar keratin behandling,8,375,2.13%,5.28
,keratin shampoo och balsam,8,305,2.62%,12.73
,bellami löshår,8,282,2.84%,6.83
,juice mp3,8,278,2.88%,7.96
,mp3juice hijau,8,270,2.96%,6.07
,hair extensions clips,8,270,2.96%,13.69
,flette extensions,8,227,3.52%,12.0
,hair extensions ekte hår,8,207,3.86%,5.5
,kreatinbehandling hår,8,206,3.88%,6.14
,smeltejern,8,196,4.08%,1.1
,ultra hold tape,8,173,4.62%,24.14
,bellami hair sverige,8,162,4.94%,8.19
,keratin behandling luxushair,8,136,5.88%,1.15
,clip in ponytail extension,8,129,6.2%,2.66
,renewal keratin smooth shampoo,8,117,6.84%,6.61
,keratinbehandling hemma lockigt hår,8,105,7.62%,3.82
,kan man farge håret etter keratin behandling,8,85,9.41%,2.25
,empe juice,8,81,9.88%,3.11
,download mp3,8,65,12.31%,2.52
,juice mp3 2024,8,49,16.33%,5.67
,mpjuice,8,44,18.18%,7.16
,tubidy mobi,8,42,19.05%,20.43
,tubidy mp3 music downloader,8,38,21.05%,22.66
,mp3 juice apk,8,34,23.53%,8.09
,mv3 juice,8,24,33.33%,2.46
,mp3 tubidy,8,22,36.36%,20.77
,mp3juice plan c,8,20,40%,1.65
,mvp juice,8,9,88.89%,4.22
,rapunzel,7,16219,0.04%,11.54
,bellami,7,2968,0.24%,8.45
,keratin extension,7,1740,0.4%,11.84
,rapunzel hår,7,1174,0.6%,9.61
,tape til hair extensions,7,1107,0.63%,8.14
,nackdelar med keratinbehandling,7,805,0.87%,10.08
,hair extensions frisør pris,7,779,0.9%,20.23
,hair extensions keratin,7,719,0.97%,8.3
,keratin produkter,7,666,1.05%,12.52
,keratinbehandling lockigt hår,7,652,1.07%,10.13
,keratin behandling krøller,7,645,1.09%,7.68
,keratinbehandling före efter,7,593,1.18%,5.95
,hair talk,7,533,1.31%,8.68
,hår extensions tape,7,508,1.38%,4.9
,luxushair levering,7,433,1.62%,1.0
,hair talk extensions,7,429,1.63%,7.32
,sjampo med keratin,7,393,1.78%,4.3
,farge håret etter keratin behandling,7,283,2.47%,7.81
,exstension,7,271,2.58%,2.8
,hairtalk extensions erfaringer,7,245,2.86%,8.92
,clip on hair,7,227,3.08%,8.37
,hår hestehale,7,139,5.04%,4.27
,juice mp4,7,103,6.8%,4.54
,hairextention,7,101,6.93%,1.85
,hair exstension,7,90,7.78%,1.83
,tape extensions remover,7,85,8.24%,7.98
,hair exstensions,7,83,8.43%,1.76
,extensions clip in,7,83,8.43%,6.67
,ytmp3juice,7,69,10.14%,7.59
,mp5 juice,7,64,10.94%,4.88
,walker tape extensions,7,35,20%,2.17
,mp3 stahuj,7,34,20.59%,31.76
,arganolje hår,6,2113,0.28%,11.38
,hva er keratin,6,1887,0.32%,6.41
,hår behandling,6,1197,0.5%,13.43
,argan olje hår,6,1029,0.58%,8.36
,hair extensions kort hår,6,804,0.75%,7.25
,hair extension tape,6,772,0.78%,15.03
,hestehale hår,6,750,0.8%,6.14
,scrunchie,6,665,0.9%,22.36
,beste keratin behandling,6,638,0.94%,3.55
,hår extensions clip on,6,627,0.96%,5.41
,hårstrikk med sløyfe,6,547,1.1%,13.02
,permanent retting av hår,6,368,1.63%,9.06
,ekstra hår,6,333,1.8%,4.62
,är keratinbehandling bra för håret,6,325,1.85%,6.9
,clips hår,6,287,2.09%,16.37
,protein behandling hår pris,6,278,2.16%,7.71
,hestehale løshår,6,274,2.19%,5.67
,keratinbehandling frisør,6,264,2.27%,9.73
,mp3juice cc,6,261,2.3%,8.59
,fake hestehale,6,192,3.12%,6.96
,clip in,6,158,3.8%,8.19
,walker ultra hold,6,137,4.38%,40.12
,keratinbehandling bäst i test,6,129,4.65%,7.36
,hair tape extensions,6,129,4.65%,9.22
,hairextensions tape,6,125,4.8%,6.71
,walker tape remover,6,122,4.92%,14.48
,keratin hårkur frisør,6,118,5.08%,7.48
,mp3juice download lagu youtube mp3,6,109,5.5%,9.65
,clips hair extensions,6,99,6.06%,6.26
,hairextentions,6,97,6.19%,1.79
,keratin behabdling,6,97,6.19%,5.11
,clip in hår,6,80,7.5%,4.09
,ep3 juice,6,76,7.89%,3.82
,keratin produkter til hår,6,76,7.89%,4.26
,juice download,6,67,8.96%,5.51
,walkertape,6,67,8.96%,14.79
,mp3 downloads,6,62,9.68%,20.5
,mjuice,6,51,11.76%,21.96
,mjuicemp3,6,34,17.65%,2.94
,tubidy blue,6,29,20.69%,16.66
,ponytail.extension,6,22,27.27%,1.18
,tubidy mp3 download songs 20,6,20,30%,20.4
,tubidy mp3 songs,6,14,42.86%,23.21
,tubidy .com,6,13,46.15%,19.31
,empetri mp3,6,11,54.55%,7.64
,hair,5,5432,0.09%,9.95
,er saltvann bra for håret,5,2410,0.21%,5.14
,saltvann i håret,5,797,0.63%,8.84
,exstensions,5,770,0.65%,2.69
,fjerne tape extensions,5,700,0.71%,9.65
,er keratin bra for håret,5,696,0.72%,4.82
,keratin extensions erfaringer,5,630,0.79%,13.02
,extensions clip on,5,484,1.03%,4.32
,rapunzel of sweden retur,5,441,1.13%,7.75
,keratin hair,5,410,1.22%,9.16
,keratin hår produkter,5,398,1.26%,13.2
,hår clips,5,357,1.4%,10.97
,rapunzel hair extensions,5,322,1.55%,7.75
,mp3juice 2024,5,319,1.57%,8.12
,hva koster keratin behandling,5,315,1.59%,5.45
,keratin kur til håret,5,314,1.59%,6.45
,mp4 juice,5,289,1.73%,4.25
,keratin spray hår,5,254,1.97%,6.83
,brazilian keratin behandling,5,237,2.11%,16.11
,keratin lockigt hår,5,236,2.12%,5.25
,karatin,5,216,2.31%,5.35
,shampoo keratin behandling,5,215,2.33%,3.45
,kreatin for hår,5,202,2.48%,8.07
,clip in hair,5,164,3.05%,6.34
,walker remover,5,155,3.23%,7.77
,clip hair extensions,5,150,3.33%,12.55
,mp3 juice free downloader --,5,149,3.36%,7.27
,keratin behandling frisør pris,5,148,3.38%,18.26
,exstentions,5,143,3.5%,3.1
,sulfatfri shampoo etter keratin,5,143,3.5%,6.71
,keratin til hår,5,134,3.73%,5.36
,keratinbehandling hår hjemme,5,130,3.85%,4.52
,extansions,5,115,4.35%,2.8
,ultra hold walker tape,5,109,4.59%,43.86
,extension ponytail,5,103,4.85%,3.09
,keratinbehandling hemma kit,5,102,4.9%,13.75
,magnetiske vipper med tang,5,85,5.88%,8.81
,metrolagu 123,5,85,5.88%,10.56
,hjemme keratin behandling,5,59,8.47%,3.46
,free music downloads legally mp3,5,57,8.77%,34.53
,stahuj mp3,5,34,14.71%,30.44
,sleek clip-on set,5,30,16.67%,11.47
,free mp3 download,5,30,16.67%,12.6
,mp3 download free,5,28,17.86%,3.39
,www.tubidy.com mp3 download,5,28,17.86%,25.93
,juicy mp4,5,22,22.73%,4.27
,tubidy music download mp3,5,21,23.81%,18.86
,mjuice.com,5,15,33.33%,3.0
,tubidy.mp3,5,8,62.5%,20.0
,tubidy 2022,5,8,62.5%,49.88
,mp3juice video,5,5,100%,1.0
,løsvipper,4,2499,0.16%,28.34
,argan oil,4,2415,0.17%,14.68
,varmt blondt hår,4,1700,0.24%,9.77
,löshår,4,1400,0.29%,41.66
,är keratin bra för håret,4,1231,0.32%,8.31
,keratin hår extensions,4,935,0.43%,6.48
,beste hair extensions,4,915,0.44%,7.6
,keratin extensions pris,4,823,0.49%,11.39
,hårforlengelse på kort hår,4,685,0.58%,8.23
,music juice,4,647,0.62%,12.68
,hår tape,4,642,0.62%,3.72
,hair extensions 40 cm,4,591,0.68%,21.09
,keratin spray,4,572,0.7%,9.67
,fjerne tape extensions selv,4,533,0.75%,15.77
,grått løshår,4,503,0.8%,6.2
,hvordan feste clip on extensions,4,463,0.86%,5.82
,download lagu mp3 juice,4,369,1.08%,8.22
,ponytail hair,4,360,1.11%,10.65
,keratin i håret,4,325,1.23%,8.13
,hairtalk tape,4,263,1.52%,6.27
,keratin till håret,4,226,1.77%,9.58
,hair extension keratin,4,224,1.79%,15.38
,arganolja ögonfransar,4,220,1.82%,10.31
,løshår strikk,4,209,1.91%,5.99
,tape extensions 60 cm,4,202,1.98%,14.82
,keratin behandling hjemme produkter,4,193,2.07%,3.21
,hair keratin,4,187,2.14%,6.2
,keratinbehandling stockholm,4,186,2.15%,69.15
,mp3 juice music downloader,4,181,2.21%,7.55
,walker ultra hold tape,4,181,2.21%,31.29
,permanent glatt hår,4,177,2.26%,5.11
,weft hair extensions,4,171,2.34%,20.55
,clip on extension,4,171,2.34%,20.82
,extension clips,4,165,2.42%,10.16
,hair ponytail,4,155,2.58%,10.88
,keratin kur hår,4,135,2.96%,6.52
,mp3cc,4,123,3.25%,28.87
,mp3juice downloader,4,102,3.92%,9.32
,walker tape action adhesive remover,4,95,4.21%,9.49
,hair extensions clip-on norge,4,93,4.3%,1.98
,extations,4,92,4.35%,2.58
,ekte løshår,4,92,4.35%,7.74
,er keratinbehandling bra for håret,4,89,4.49%,4.48
,clip on extentions,4,87,4.6%,3.97
,hair clip extensions,4,87,4.6%,9.85
,mp3jus,4,84,4.76%,5.45
,keratinbehandling produkter,4,83,4.82%,9.31
,sjampo etter keratin behandling,4,81,4.94%,3.67
,keratin behandling produkter,4,80,5%,8.36
,mp3 juice music download,4,75,5.33%,8.17
,mp3 juice download 2024,4,74,5.41%,5.66
,keratin behandling hår hemma,4,65,6.15%,7.12
,ponytail hair extensions,4,65,6.15%,7.22
,exstations,4,55,7.27%,2.65
,hair extansions,4,54,7.41%,1.83
,klipp extensions,4,53,7.55%,9.96
,download video youtube mp3 juice,4,53,7.55%,17.19
,clip-in ponytail,4,51,7.84%,1.65
,luxus hair keratin,4,48,8.33%,4.21
,walker tape adhesive remover,4,48,8.33%,12.54
,www.juice.com,4,46,8.7%,9.63
,keratin hårmask,4,42,9.52%,2.0
,exclusive hair extensions,4,37,10.81%,31.32
,ponytail clip in,4,34,11.76%,15.91
,60 cm extension,4,33,12.12%,5.21
,emp juice,4,32,12.5%,5.41
,mp3juice vin,4,30,13.33%,4.37
,keratin hemma själv,4,27,14.81%,8.33
,hair extensions clip on norge,4,24,16.67%,2.46
,mp3 juice free,4,24,16.67%,4.54
,clip ons extensions,4,22,18.18%,5.32
,hair extension clip ins,4,22,18.18%,38.23
,luxery hair,4,21,19.05%,1.86
,download lagu mp3 123,4,19,21.05%,10.68
,ponytail extention,4,18,22.22%,1.06
,hair extensiom,4,16,25%,1.44
,best clip in hair extensions,4,16,25%,5.44
,tubidy download mp3,4,15,26.67%,16.67
,tubidy download music,4,14,28.57%,27.57
,mp3j,4,13,30.77%,36.85
,freemp3mp4,4,12,33.33%,1.5
,shkarko muzik mp3 download apk,4,9,44.44%,15.56
,mp 3,4,7,57.14%,1.86
,tubidy audio,4,7,57.14%,20.29
,tubidy buzz 2024 mp3 download,4,6,66.67%,23.67
,tubidy mp3 download songs 2022,4,6,66.67%,41.33
,download lagu mp3 mp4 gratis,4,5,80%,3.0
,tubidy song,4,5,80%,11.0
,tubidy music downloader,4,5,80%,28.4
,tobidi,4,4,100%,16.0
,kaldt blondt hår,3,1850,0.16%,9.76
,tape extensions frisør,3,1187,0.25%,13.1
,hårstilar,3,1073,0.28%,9.69
,extensions keratin,3,983,0.31%,10.61
,hair brush,3,827,0.36%,9.28
,extensions pris,3,779,0.39%,8.36
,vad är keratin,3,773,0.39%,16.94
,saltvann hår,3,712,0.42%,10.88
,extensions kort hår,3,687,0.44%,12.9
,pris hair extensions,3,682,0.44%,9.31
,hair extensions krøller,3,648,0.46%,12.88
,beste extensions,3,535,0.56%,7.96
,tape hår,3,510,0.59%,8.29
,vaske extensions,3,441,0.68%,5.66
,hvor lenge varer extensions,3,431,0.7%,7.47
,rensesjampo normal,3,429,0.7%,9.85
,usynlig tape extensions,3,418,0.72%,24.97
,keratin behandling før og etter,3,404,0.74%,7.52
,luxurious hair,3,398,0.75%,18.8
,clip on løshår,3,391,0.77%,4.35
,fake hår,3,363,0.83%,6.29
,hair extension clips,3,323,0.93%,8.49
,hår klips,3,320,0.94%,7.75
,flette inn løshår,3,319,0.94%,15.81
,hair luxury,3,318,0.94%,10.27
,rapunzel of sweeden,3,279,1.08%,7.4
,rette håret permanent,3,264,1.14%,10.56
,luxyhair,3,231,1.3%,19.89
,tape extensions tape,3,218,1.38%,11.63
,kreatin för håret,3,197,1.52%,11.43
,hårbehandling keratin,3,191,1.57%,4.67
,mp3 j,3,191,1.57%,6.51
,kreatin i håret,3,189,1.59%,6.75
,keratin olje,3,177,1.69%,9.81
,clip extension,3,175,1.71%,8.29
,rapunzel sweden hair extensions reviews,3,173,1.73%,8.9
,60 cm extensions,3,170,1.76%,59.71
,luxy hair extensions,3,169,1.78%,18.6
,er keratinbehandling skadelig,3,168,1.79%,5.84
,extensions ekte hår,3,151,1.99%,5.75
,hair extensions 60 cm,3,149,2.01%,9.7
,nail hair extensions,3,141,2.13%,22.77
,vad är en keratinbehandling,3,138,2.17%,2.75
,keratin behandling shampoo,3,135,2.22%,2.19
,hår ekstensjon pris,3,135,2.22%,9.9
,stritt hår,3,134,2.24%,14.57
,mp3 skulls,3,108,2.78%,35.82
,lashes in europe,3,105,2.86%,7.64
,keratin behandling kristiansand,3,105,2.86%,17.94
,extension keratin,3,103,2.91%,31.51
,kreatin till håret,3,102,2.94%,12.1
,keratin för hår,3,98,3.06%,9.61
,permanent rett hår frisør,3,95,3.16%,8.63
,keratin behandling bergen,3,95,3.16%,36.37
,ytmp3 juice,3,94,3.19%,9.22
,hårextension,3,94,3.19%,9.27
,klips hår,3,93,3.23%,4.42
,hair extensions clip,3,88,3.41%,23.62
,human hair extensions,3,86,3.49%,15.53
,music juices,3,85,3.53%,17.35
,keratinkur,3,83,3.61%,5.84
,tape in,3,82,3.66%,5.38
,nanokeratin behandling,3,81,3.7%,10.19
,pris extensions,3,76,3.95%,8.32
,mp3 juice la,3,69,4.35%,7.97
,hair ex,3,68,4.41%,12.12
,kreatin hårbehandling,3,66,4.55%,8.88
,ytmp3 vin,3,62,4.84%,20.77
,extentions tape,3,60,5%,7.15
,tangled sweden,3,58,5.17%,8.97
,hair extencions,3,57,5.26%,1.81
,tape extension tape,3,54,5.56%,9.04
,hair extension clip,3,51,5.88%,19.16
,hair extantion,3,50,6%,1.54
,extensions billig,3,49,6.12%,9.45
,luxushair erfaring,3,47,6.38%,5.21
,clip ins extensions,3,38,7.89%,5.89
,xtase argan oil styling,3,38,7.89%,6.97
,mp3 juice red,3,37,8.11%,13.27
,clip-on lugg,3,35,8.57%,11.77
,extension clip on,3,35,8.57%,12.17
,mp3juice.buzz,3,34,8.82%,7.0
,har extension,3,31,9.68%,8.13
,mp3 juice apk old version,3,29,10.34%,9.31
,real hair extensions,3,29,10.34%,11.45
,musicjuice,3,29,10.34%,11.48
,keratin hårvann,3,28,10.71%,29.5
,tape remover extensions,3,26,11.54%,10.69
,juice musik,3,25,12%,13.32
,løshår butikk oslo,3,25,12%,17.52
,clip ponytail,3,22,13.64%,2.14
,mp 3 juice,3,21,14.29%,8.52
,mp3 juice app,3,20,15%,5.9
,metrolagu mp3 download,3,20,15%,9.65
,freemp3downloads,3,20,15%,20.2
,shkarko muzik mp3,3,19,15.79%,17.47
,metrolagu site,3,18,16.67%,31.17
,my3 juice,3,16,18.75%,2.5
,exstesions,3,14,21.43%,2.07
,mc3 juice,3,14,21.43%,2.29
,metrolagu mp3,3,14,21.43%,12.86
,emp3 download,3,14,21.43%,14.14
,myfreemp3 download,3,14,21.43%,24.14
,clip on extensions human hair,3,12,25%,2.58
,juce3,3,12,25%,3.92
,no3 juice,3,12,25%,4.42
,mjuce,3,11,27.27%,3.0
,mp3 download 320kbps songs,3,11,27.27%,3.27
,halo extensions 60 cm,3,11,27.27%,16.36
,tubidy mp3 download songs 2023,3,11,27.27%,20.27
,3mp3 buzz,3,10,30%,10.8
,mpj3,3,10,30%,36.4
,ponytail clip extension,3,9,33.33%,1.78
,tubity,3,9,33.33%,23.0
,tubidy music mp3,3,9,33.33%,23.67
,mp3juice 2024 terbaru,3,8,37.5%,3.88
,"download lagu mp3 juice,youtube",3,8,37.5%,13.5
,www.tubidy .com,3,8,37.5%,14.0
,metrolagu,3,8,37.5%,53.5
,mp3 juice crome,3,7,42.86%,3.57
,mp3 juice free mp3 download,3,7,42.86%,6.71
,www mp3juice cc,3,6,50%,9.33
,keratin bioaktivator,3,5,60%,2.0
,mr3 juice,3,5,60%,2.4
,extentisons,3,5,60%,2.8
,lagu download mp4,3,5,60%,3.2
,tubidy mobi mp3 download,3,5,60%,18.0
,tubidy-mobi,3,5,60%,24.4
,metrolagu mp3 2023 free download,3,4,75%,7.75
,tubidy free download,3,4,75%,16.5
,descarca muzica gratis mp3 download,3,4,75%,19.0
,free mp3 download grátis,3,4,75%,46.25
,tubidy mp4 video download,3,4,75%,71.25
,mp3-codes free download,3,3,100%,3.0
,juice 3pm,3,3,100%,3.33
,empe 3,3,3,100%,6.0
,tubidy mp4 video download 2024,3,3,100%,41.0
,färgcirkel,2,2631,0.08%,18.46
,hårkur,2,1887,0.11%,57.21
,blåsjampo,2,1215,0.16%,24.14
,keratin löshår,2,1178,0.17%,35.58
,hår extensions keratin,2,1170,0.17%,9.4
,hair extensions frisør,2,1089,0.18%,17.58
,kjøpe løshår,2,1028,0.19%,11.35
,tape hair,2,752,0.27%,13.55
,rett hår,2,663,0.3%,7.69
,hairtalk pris,2,607,0.33%,22.14
,hur länge håller keratin behandling,2,603,0.33%,9.99
,keratin behandling til krøllet hår,2,600,0.33%,5.58
,extensions norge,2,579,0.35%,6.09
,rapunzelofsweden,2,562,0.36%,14.77
,grå hair extensions,2,535,0.37%,3.07
,extensions tynt hår,2,504,0.4%,11.26
,keratin extentions,2,487,0.41%,15.77
,hair.extensions,2,468,0.43%,1.85
,hårförlängningar,2,448,0.45%,28.03
,luxushair butikk,2,405,0.49%,2.0
,hvor mye koster keratin behandling,2,386,0.52%,10.37
,løshår ponytail,2,369,0.54%,3.9
,sjampo,2,364,0.55%,28.0
,keratin oil,2,360,0.56%,24.6
,slett hår,2,343,0.58%,5.22
,rapunzel extensions,2,343,0.58%,16.34
,argan oil hår,2,328,0.61%,7.99
,tejp extensions,2,325,0.62%,63.19
,keratinbehandling hår pris,2,317,0.63%,8.7
,slavisk hår,2,313,0.64%,59.46
,luxus norge,2,301,0.66%,5.29
,hur länge håller keratin hårförlängning,2,289,0.69%,14.52
,ketatin,2,287,0.7%,4.25
,vad är keratin behandling,2,280,0.71%,4.74
,keratin shampoo bäst i test,2,273,0.73%,26.37
,hair extension pris,2,244,0.82%,9.79
,hestehaler extensions,2,243,0.82%,58.54
,clip-on extensions billig,2,241,0.83%,9.2
,behandling hår,2,235,0.85%,42.57
,clip on pannelugg,2,218,0.92%,12.73
,permanent slett hår,2,199,1.01%,6.28
,krølle extensions,2,197,1.02%,6.06
,strikk med hår,2,194,1.03%,11.03
,falsk hår hestehale,2,191,1.05%,3.01
,luxurious hair extensions,2,188,1.06%,77.46
,arganolje til hår,2,185,1.08%,10.88
,mp3 juice hijau lama,2,184,1.09%,6.68
,kerantin,2,173,1.16%,4.34
,keratin behandling for og etter,2,173,1.16%,6.58
,permanent rett hår hjemme,2,172,1.16%,5.4
,clip in pannelugg,2,172,1.16%,8.77
,rapunsel hår,2,166,1.2%,6.86
,weft,2,162,1.23%,6.64
,juice music,2,157,1.27%,14.36
,keratin balsam conditioner,2,150,1.33%,7.29
,pris keratinbehandling,2,141,1.42%,5.22
,balsam med keratin,2,140,1.43%,5.95
,keratin behandling stockholm,2,134,1.49%,72.16
,anti frizz behandling,2,133,1.5%,7.88
,falsk hår,2,132,1.52%,7.17
,rette håret,2,131,1.53%,28.92
,keratinbehandling göteborg,2,129,1.55%,73.23
,retur rapunzel,2,128,1.56%,8.39
,protein behandling hår,2,127,1.57%,18.62
,keratin protein hår,2,125,1.6%,17.38
,keratinbehandling frisör,2,124,1.61%,7.97
,hc hair extensions,2,120,1.67%,3.19
,keratin frisør,2,120,1.67%,8.64
,permanent keratin behandling,2,118,1.69%,4.34
,mp3juice download,2,118,1.69%,8.04
,ultrasoniske hair extensions,2,118,1.69%,8.14
,keratin behandling vita,2,115,1.74%,17.82
,rett hår behandling,2,112,1.79%,4.28
,ultra hold,2,111,1.8%,14.04
,keratin pris,2,110,1.82%,8.25
,hva er keratinbehandling hår,2,109,1.83%,6.28
,mpe3 juice,2,107,1.87%,9.84
,permanent krøller hjemme,2,105,1.9%,54.24
,bellami extensions,2,104,1.92%,15.35
,må man dusje etter bading i saltvann,2,97,2.06%,8.66
,clips hår extension,2,96,2.08%,12.42
,ponytails,2,89,2.25%,13.57
,mp3 juices downloader,2,88,2.27%,8.11
,50cm hair extensions,2,87,2.3%,8.0
,beste keratin behandling hjemme,2,86,2.33%,3.73
,keratin behandling stavanger,2,84,2.38%,37.19
,naturlige løsvipper,2,83,2.41%,18.05
,ponnytail,2,81,2.47%,7.74
,clip in extension,2,81,2.47%,11.62
,saltvannsspray hår skadelig,2,74,2.7%,22.18
,keratin oil spray,2,73,2.74%,24.47
,hair extensions tape in,2,70,2.86%,8.2
,hair extantions,2,68,2.94%,1.9
,extenions,2,58,3.45%,3.21
,hair weft extensions,2,58,3.45%,11.0
,hårbånd kort hår,2,56,3.57%,12.18
,hair extation,2,52,3.85%,1.58
,extrnsions,2,52,3.85%,2.21
,keratin før og etter,2,52,3.85%,5.48
,hvordan få glatt hår,2,52,3.85%,19.37
,clip on hair extension,2,52,3.85%,41.77
,exstansions,2,51,3.92%,2.55
,mp3 juice lagu dj,2,50,4%,12.38
,exstantions,2,49,4.08%,2.18
,ref keratinbehandling,2,49,4.08%,7.2
,clip on hair pieces,2,48,4.17%,3.54
,hair extansion,2,47,4.26%,1.77
,rapunzel of sweden review,2,46,4.35%,6.8
,billige hair extensions,2,46,4.35%,9.41
,hairtalk extension,2,45,4.44%,8.78
,mp3 juice biru,2,45,4.44%,10.73
,keratin silke,2,44,4.55%,8.05
,tape exstensions,2,43,4.65%,5.12
,keratin håret,2,41,4.88%,9.02
,hårstrikk med kunstig hår,2,40,5%,11.88
,hair extension oslo,2,39,5.13%,31.82
,keratin bond extensions,2,38,5.26%,8.03
,clip in hair extension,2,35,5.71%,27.57
,hair extations,2,34,5.88%,2.09
,mp4 juices,2,34,5.88%,6.5
,mp3 juices.com,2,34,5.88%,7.38
,keratin silk,2,34,5.88%,7.41
,hårkur keratin,2,34,5.88%,25.21
,keratin produkt,2,33,6.06%,5.0
,frisør extensions,2,33,6.06%,17.42
,clip extension hair,2,33,6.06%,23.67
,clips extension,2,32,6.25%,4.06
,luxushair rabattkode,2,32,6.25%,22.47
,hair extensions weft,2,31,6.45%,6.29
,keratin hårmaske normal,2,31,6.45%,10.35
,mp3 juice ninja,2,30,6.67%,7.37
,keratin behandling oslo pris,2,30,6.67%,21.63
,fimi mp3,2,29,6.9%,12.55
,kerasilk behandling,2,29,6.9%,26.34
,keratin behandlig,2,28,7.14%,5.93
,extension 50 cm,2,28,7.14%,14.25
,keratin behandling normal,2,27,7.41%,3.85
,mp3juices.com,2,27,7.41%,8.96
,hair clip in,2,27,7.41%,17.56
,extesions,2,26,7.69%,2.69
,hårprodukter med keratin,2,26,7.69%,7.65
,keratin negler,2,26,7.69%,22.69
,jus mp3,2,25,8%,10.04
,keratin for hair extensions,2,25,8%,24.24
,keratinbehandling trondheim,2,25,8%,27.76
,extensipns,2,24,8.33%,2.17
,hairtalk remover spray,2,24,8.33%,19.54
,hair extrnsions,2,23,8.7%,1.78
,download lagu mp3 juice gratis,2,23,8.7%,10.74
,mp3 juice download musik gratis,2,22,9.09%,9.36
,mp3 juice lama,2,22,9.09%,11.68
,tape in hair,2,22,9.09%,22.09
,mini keratin extensions,2,21,9.52%,4.05
,keratin hårkur best i test,2,21,9.52%,25.86
,lashlift gravid,2,20,10%,2.0
,tapeextensions,2,20,10%,5.3
,mpt3 download,2,20,10%,6.3
,mp3 juice free downloader,2,20,10%,8.25
,keratin gold,2,20,10%,8.8
,walker hair tape,2,20,10%,48.4
,clip on ponytail extension,2,19,10.53%,2.32
,pony hair extensions,2,19,10.53%,6.47
,mp3 juces,2,19,10.53%,6.79
,pony extensions,2,19,10.53%,9.58
,hait extensions,2,18,11.11%,1.72
,juice mp3 lyrics,2,18,11.11%,6.83
,ymp3 music,2,18,11.11%,12.06
,fimimp3,2,18,11.11%,13.44
,www.tubidy.com,2,18,11.11%,21.61
,70 cm hair extensions,2,17,11.76%,11.65
,keratin silke erfaringer,2,17,11.76%,17.88
,keratinbehandling afrohår,2,17,11.76%,19.88
,descarca muzica gratis mp3,2,17,11.76%,40.88
,mo3 juices,2,16,12.5%,6.75
,download mp3 123 gratis,2,16,12.5%,18.88
,www.tubidy,2,16,12.5%,21.12
,download mp3 & mp4 | planet musik,2,15,13.33%,18.67
,metrolagu mp4 2023,2,14,14.29%,4.07
,download music free mp3,2,14,14.29%,6.0
,ponytail 60 cm,2,14,14.29%,8.79
,straight and shine behandling,2,14,14.29%,31.14
,qiqi vega,2,13,15.38%,2.0
,3d juice music,2,13,15.38%,2.23
,np3 juice,2,13,15.38%,3.85
,hair extention tape,2,13,15.38%,8.69
,juicemusic,2,13,15.38%,11.62
,download lagu mp3 gratis,2,13,15.38%,18.54
,mp4 juice download,2,12,16.67%,3.08
,converter juice,2,12,16.67%,4.83
,download lagu mp4,2,12,16.67%,6.0
,www.juicy music.com,2,12,16.67%,6.17
,mp3 jus,2,12,16.67%,8.75
,ymp3 downloader,2,12,16.67%,17.08
,muzik indir,2,12,16.67%,52.33
,mp5 juices,2,11,18.18%,2.27
,tape hair extensions tape,2,11,18.18%,4.64
,tubidy mp3 music download,2,11,18.18%,23.82
,μπ3,2,11,18.18%,39.91
,haie extension,2,10,20%,1.6
,mp e juice,2,10,20%,2.9
,beste shampoo extensions,2,10,20%,3.4
,mp3 mp4 download,2,10,20%,3.6
,mp 3 juice download,2,10,20%,4.5
,clip on hair extensions near me,2,10,20%,5.5
,download lagu mp3 gratis 123,2,10,20%,13.8
,hair extension remover,2,10,20%,21.9
,www.tubidy mp3,2,10,20%,26.3
,mp3juicecc,2,9,22.22%,5.22
,my juice.com,2,9,22.22%,6.0
,download video youtube mp4 juice,2,8,25%,15.0
,tubidy com,2,8,25%,15.25
,tubidy mix mp3 downloads,2,8,25%,23.75
,luxhair extensions,2,7,28.57%,1.43
,hair extentions clip in,2,7,28.57%,3.57
,tape in extention,2,7,28.57%,4.14
,clip extention,2,7,28.57%,4.43
,cocochoco keratin,2,7,28.57%,4.57
,answr keratin,2,7,28.57%,4.71
,sleek clip in hair extensions,2,7,28.57%,12.71
,tubidy.com mp3,2,7,28.57%,31.14
,tubidy.,2,7,28.57%,32.0
,keratin terapi,2,6,33.33%,3.0
,mp 4juice,2,6,33.33%,4.0
,www.tubidy.com mp3 download amapiano,2,6,33.33%,17.83
,download lagu 123 gratis,2,6,33.33%,19.33
,tubidy music download audio,2,6,33.33%,20.17
,tubidy mp3 and mp4 download gospel,2,6,33.33%,25.17
,tubidy mp3 download music,2,6,33.33%,26.17
,mp3 download grátis,2,6,33.33%,33.33
,mp3 juice español,2,6,33.33%,68.5
,exstetions,2,5,40%,1.8
,mp juc,2,5,40%,2.0
,mp3 juices vin,2,5,40%,2.4
,mp4 download songs,2,5,40%,3.2
,mpjuices,2,5,40%,3.8
,3juices,2,5,40%,5.8
,k18,2,5,40%,11.6
,lagu mp4 download gratis,2,5,40%,12.4
,my juice song,2,5,40%,14.0
,mp3 juice yang dulu biru,2,5,40%,16.6
,muzica mp3 free download,2,5,40%,17.4
,bee mp3 download,2,5,40%,22.0
,tubidy mp3 download 7,2,5,40%,23.0
,clip on hair extentions,2,4,50%,2.0
,bästa keratin för håret,2,4,50%,2.5
,youtube converter mp3 juice download,2,4,50%,2.5
,hur gör man keratinbehandling hemma,2,4,50%,3.0
,mp3 juice .,2,4,50%,4.5
,empitri mp3,2,4,50%,10.0
,tubidy mp3 and mp4 download songs,2,4,50%,11.25
,mp3 juice free beats download,2,4,50%,16.25
,mp3.juice cc,2,4,50%,16.25
,tubidy song download,2,4,50%,18.5
,tubidy free music download,2,4,50%,19.25
,tubidy mp3 download songs 20 download mp3 juice,2,4,50%,21.75
,hår botox behandling pris,2,3,66.67%,2.0
,mp3 downlod,2,3,66.67%,2.0
,mp4 juice 2024,2,3,66.67%,2.0
,hårbotox behandling,2,3,66.67%,2.33
,mp3 juicedownloader,2,3,66.67%,3.0
,keratinbehandling helsingborg,2,3,66.67%,3.33
,www.jucie,2,3,66.67%,4.0
,mp3 mp3 juice,2,3,66.67%,7.67
,download musik,2,3,66.67%,9.67
,tubidy download mp3 music,2,3,66.67%,11.0
,redmp3juice,2,3,66.67%,14.67
,www.tubidy-mp3.com,2,3,66.67%,28.0
,mp3 free,2,3,66.67%,28.33
,mp3 donwload,2,2,100%,2.0
,download mp3 video,2,2,100%,2.5
,download mp3 music juice,2,2,100%,9.0
,download mp3 juice mod apk,2,2,100%,9.5
,download mp3 juicy,2,2,100%,9.5
,www.mp3juice.con,2,2,100%,10.5
,ice blonde extensions,2,2,100%,12.0
,song lovers.com mp3 download,2,2,100%,12.0
,tubidy mp3 download songs 2024 rnb,2,2,100%,17.0
,save mp3 download,2,2,100%,60.5
,saltvannsspray hår,1,2053,0.05%,31.63
,blondt hår kaldt,1,2049,0.05%,8.88
,hårförlängning,1,1762,0.06%,52.22
,hair extensions oslo,1,1612,0.06%,51.59
,keratin extensions sliter på håret,1,1332,0.08%,17.7
,hårspenner,1,1216,0.08%,59.36
,hårpynt,1,1106,0.09%,51.19
,hårborste,1,1040,0.1%,17.53
,langt hår,1,977,0.1%,44.79
,løshår ekte,1,976,0.1%,11.38
,blond,1,961,0.1%,14.31
,limfjerner,1,919,0.11%,18.76
,hårstiler,1,907,0.11%,12.97
,flette med strikk,1,903,0.11%,7.65
,hårklämmor,1,890,0.11%,40.3
,arganolja hår,1,859,0.12%,30.81
,hår clip,1,737,0.14%,3.33
,hårforlengelse pris,1,699,0.14%,9.57
,hvordan få permanent rett hår,1,648,0.15%,10.2
,løshår pannelugg,1,627,0.16%,14.41
,hair extensions billig,1,624,0.16%,7.99
,keratin behandling uten formaldehyd,1,593,0.17%,2.76
,pannelugg extensions,1,588,0.17%,30.72
,naturlig blondt hår,1,582,0.17%,42.34
,hair extensions i kort hår,1,571,0.18%,8.53
,luxury hair extensions,1,571,0.18%,82.4
,argan,1,566,0.18%,14.68
,tape extensions erfaringer,1,564,0.18%,16.31
,ødelagt hår etter bleking,1,552,0.18%,40.83
,sliter extensions på håret,1,539,0.19%,16.7
,pony tail,1,536,0.19%,10.69
,keratin treatment shampoo,1,532,0.19%,81.14
,fjerne keratin extensions,1,523,0.19%,16.64
,warm blonde,1,512,0.2%,7.32
,extensions oslo,1,495,0.2%,62.08
,hairtalk produkter,1,494,0.2%,36.09
,hvor mye koster extensions,1,493,0.2%,23.28
,shampoo og balsam til extensions,1,486,0.21%,9.59
,saltvann bra for håret,1,461,0.22%,7.01
,hvordan sette på clip on extensions,1,434,0.23%,7.04
,vad gör keratin,1,431,0.23%,5.44
,hairbrush,1,430,0.23%,18.51
,keratine extensions,1,427,0.23%,8.99
,keratin extensions oslo,1,427,0.23%,43.03
,shampoo til extensions,1,425,0.24%,12.68
,krøllete extension,1,422,0.24%,15.43
,tape til extension,1,417,0.24%,11.82
,fjerne keratin extensions selv,1,413,0.24%,18.19
,lash,1,407,0.25%,8.71
,clip on hår extensions,1,403,0.25%,6.62
,extensions børste,1,403,0.25%,23.22
,zala hair,1,335,0.3%,25.45
,indisk hår extensions,1,333,0.3%,13.18
,fargering,1,329,0.3%,2.0
,hår extensions frisør,1,317,0.32%,15.1
,hårförlängning kort hår före efter,1,316,0.32%,20.41
,walkers tape,1,311,0.32%,70.98
,slitt hår,1,301,0.33%,66.68
,shampoo keratin,1,296,0.34%,14.35
,hair topper norge,1,294,0.34%,46.14
,keratin behandling til håret,1,287,0.35%,5.28
,rapunzel sweden,1,282,0.35%,23.67
,keratin behandling trondheim,1,279,0.36%,38.61
,keratine,1,277,0.36%,8.6
,luxus frisør,1,272,0.37%,14.01
,löshår ponytail,1,266,0.38%,43.58
,bellamihair,1,237,0.42%,15.51
,løshår til fletting,1,236,0.42%,16.02
,extensions hår frisør,1,229,0.44%,11.09
,keratin sjampo,1,222,0.45%,4.72
,sette på hår,1,221,0.45%,10.29
,hvordan flette inn løshår,1,216,0.46%,10.69
,tape extensions shampoo,1,216,0.46%,25.66
,luksus frisør,1,212,0.47%,10.45
,clip-on extensions,1,205,0.49%,12.43
,håraccessoarer,1,200,0.5%,25.51
,falsk hestehale,1,196,0.51%,8.05
,flettestrikk,1,193,0.52%,52.3
,keratin behandling skadelig,1,192,0.52%,5.29
,luxury extensions,1,191,0.52%,53.1
,hårstrikk med hår,1,184,0.54%,20.84
,hår längd,1,181,0.55%,6.37
,keratinbehandling.no,1,178,0.56%,9.74
,keratin extensions frisør,1,171,0.58%,9.4
,clip in hestehale,1,163,0.61%,4.23
,shampoo til keratin behandlet hår,1,163,0.61%,6.62
,tape on extension,1,159,0.63%,8.2
,hair extensions tilbud,1,157,0.64%,4.12
,billig tape extensions,1,156,0.64%,5.71
,clip ons,1,156,0.64%,9.53
,hur länge håller en keratinbehandling,1,153,0.65%,9.96
,löshår längd,1,150,0.67%,4.13
,hårstrikk scrunchie,1,150,0.67%,14.59
,extensions frisør,1,150,0.67%,15.94
,etter keratin behandling,1,149,0.67%,8.55
,løshår normal,1,148,0.68%,16.39
,balsam keratin,1,147,0.68%,7.78
,glatt hår uten rettetang,1,147,0.68%,15.27
,keratin behandling tilbud,1,145,0.69%,5.34
,hår kreatin,1,145,0.69%,9.41
,permanent rett hår pris,1,144,0.69%,7.84
,keratin behandling afrohår,1,144,0.69%,21.41
,saltvann til hår,1,141,0.71%,10.55
